customer_id,name,email,phone
1,Lynea Cohalan,lcohalan0@mtv.com,543-211-8741
2,Hinda Dibling,hdibling1@prlog.org,622-873-6297
3,Rosalind Kield,rkield2@nyu.edu,917-741-6998
4,Andra Boucher,aboucher3@skype.com,908-789-3689
5,Steven Klosges,sklosges4@amazon.co.uk,378-930-8342
6,Danni Domokos,ddomokos5@wufoo.com,106-169-6328
7,Jennie Hannigane,jhannigane6@godaddy.com,517-761-8565
8,Steffane Millins,smillins7@imageshack.us,307-614-1405
9,Janot Kittle,jkittle8@slashdot.org,627-446-5586
10,Brittan Foston,bfoston9@soundcloud.com,123-471-6364
11,Betty Barford,bbarforda@biglobe.ne.jp,961-278-9663
12,Rupert Boxall,rboxallb@bravesites.com,938-102-7849
13,Riley Kebbell,rkebbellc@umn.edu,903-382-8460
14,Madelyn McOnie,mmconied@whitehouse.gov,561-238-7281
15,Beret Wotherspoon,bwotherspoone@xing.com,218-248-2040
16,Tann MacFarlane,tmacfarlanef@homestead.com,589-484-2297
17,Hurleigh Radnedge,hradnedgeg@myspace.com,536-375-7518
18,Butch Kobierzycki,bkobierzyckih@amazon.co.uk,784-691-3833
19,Vidovik Khadir,vkhadiri@si.edu,563-462-1994
20,Zelda Chater,zchaterj@ycombinator.com,656-451-7302
21,Margarette Leile,mleilek@diigo.com,485-734-6385
22,Correy Josiah,cjosiahl@usda.gov,104-295-2452
23,Annabela Lavielle,alaviellem@smugmug.com,394-600-7861
24,Jorie Dibdale,jdibdalen@businessinsider.com,173-875-2570
25,Gabie Nelthrop,gnelthropo@harvard.edu,298-742-3720
26,Tim Korejs,tkorejsp@hc360.com,549-990-9992
27,Lacy Ettridge,lettridgeq@java.com,492-624-0297
28,Moore Stutter,mstutterr@w3.org,972-346-7038
29,Berny Smurfitt,bsmurfitts@ebay.co.uk,106-973-2757
30,Carolina Burner,cburnert@stanford.edu,280-893-8398
31,Vanessa Swatheridge,vswatheridgeu@yellowbook.com,502-156-7557
32,Gabi Margram,gmargramv@tmall.com,397-883-4799
33,Isabella Cereceres,icereceresw@jalbum.net,169-555-6383
34,Dwight Dickons,ddickonsx@aboutads.info,493-181-0807
35,Natalie O'Nolan,nonolany@harvard.edu,538-822-1192
36,Neron Cotterell,ncotterellz@cnn.com,601-860-4976
37,Trevar Cobby,tcobby10@examiner.com,160-918-7308
38,Tabor Coulsen,tcoulsen11@pinterest.com,617-226-3542
39,Gale Gisburne,ggisburne12@dion.ne.jp,513-438-1347
40,Darlene Abbs,dabbs13@spotify.com,725-645-6070
41,Kameko Whissell,kwhissell14@123-reg.co.uk,814-690-5796
42,Giffie Di Boldi,gdi15@furl.net,829-343-2360
43,Netti Kerwood,nkerwood16@instagram.com,695-359-4275
44,Sarita Bockh,sbockh17@feedburner.com,670-491-3908
45,Cami Cadlock,ccadlock18@unc.edu,512-815-5087
46,Maribel Nicklin,mnicklin19@goo.gl,878-949-7968
47,Hillel Risson,hrisson1a@whitehouse.gov,880-382-2134
48,Norrie Ilyin,nilyin1b@census.gov,628-952-0729
49,Percival Leonard,pleonard1c@google.es,185-509-1815
50,Debi Boulding,dboulding1d@wikispaces.com,848-897-9014
51,Sinclare Antuk,santuk1e@umn.edu,880-427-8204
52,Ardyce Pomery,apomery1f@skyrock.com,425-901-0338
53,Howard Withrop,hwithrop1g@4shared.com,783-281-8942
54,Veronike Westell,vwestell1h@hexun.com,494-671-1136
55,Aurora Trulocke,atrulocke1i@sbwire.com,767-365-6918
56,Vittoria Horbart,vhorbart1j@guardian.co.uk,235-285-7340
57,Olivie Saunper,osaunper1k@surveymonkey.com,583-463-4116
58,Leshia Bankhurst,lbankhurst1l@squarespace.com,686-896-5224
59,Florina Godbald,fgodbald1m@comcast.net,541-331-9338
60,Martainn Latan,mlatan1n@scribd.com,769-466-0333
61,Karon Conibere,kconibere1o@mashable.com,964-921-6801
62,Allyson Ventam,aventam1p@sfgate.com,721-388-9475
63,Myrta Doble,mdoble1q@theglobeandmail.com,930-251-4907
64,Karena Cawthery,kcawthery1r@stanford.edu,191-680-7120
65,Kamilah Stedmond,kstedmond1s@soup.io,216-375-4907
66,Cletis Itscowics,citscowics1t@nasa.gov,193-750-9969
67,Rahal Coskerry,rcoskerry1u@pbs.org,612-538-5127
68,Talia Scullin,tscullin1v@bravesites.com,590-310-1484
69,Yolanthe Dumbreck,ydumbreck1w@bloomberg.com,184-485-0508
70,Cad Jeves,cjeves1x@freewebs.com,668-140-9665
71,Lu Demange,ldemange1y@jiathis.com,597-664-9865
72,Joana Ollis,jollis1z@wufoo.com,239-427-4516
73,Timoteo Perrelli,tperrelli20@typepad.com,177-774-5741
74,Anthiathia Servant,aservant21@state.gov,623-589-7032
75,Freedman Guitonneau,fguitonneau22@patch.com,126-146-3322
76,Shanon Arrington,sarrington23@addtoany.com,921-277-5012
77,Chrotoem Dominici,cdominici24@pbs.org,262-551-2069
78,Franzen MacMenamie,fmacmenamie25@upenn.edu,440-223-1653
79,Lennie Follin,lfollin26@w3.org,647-206-4256
80,Prinz Strapp,pstrapp27@sourceforge.net,502-659-4665
81,Dahlia Keyser,dkeyser28@edublogs.org,386-739-5165
82,Iver Sherrett,isherrett29@studiopress.com,501-369-7913
83,Alva Mattecot,amattecot2a@dailymail.co.uk,375-293-1247
84,Bryn Charlwood,bcharlwood2b@sakura.ne.jp,181-792-8292
85,Augusta Inglesfield,ainglesfield2c@lulu.com,905-424-7165
86,Micki Innis,minnis2d@stanford.edu,513-601-8076
87,Brianne Moehle,bmoehle2e@livejournal.com,835-372-2206
88,Gothart Shave,gshave2f@ow.ly,768-461-5329
89,Marlo Dormand,mdormand2g@geocities.com,171-720-3110
90,Priscilla Dundredge,pdundredge2h@hc360.com,465-435-0228
91,Che Attenborrow,cattenborrow2i@infoseek.co.jp,705-562-6482
92,Tresa Goare,tgoare2j@sciencedaily.com,378-545-5623
93,Zora Hanburry,zhanburry2k@msu.edu,999-615-4136
94,Haley Langdon,hlangdon2l@zdnet.com,311-710-1642
95,Brandtr Bissex,bbissex2m@networkadvertising.org,139-943-4100
96,Andrej McGinty,amcginty2n@blogger.com,942-430-2232
97,Shane Ollenbuttel,sollenbuttel2o@bloomberg.com,149-337-0952
98,Murdoch Pyett,mpyett2p@ustream.tv,559-585-3339
99,Carlin Dearlove,cdearlove2q@yellowbook.com,479-399-2856
100,Orly Engelmann,oengelmann2r@xinhuanet.com,538-703-9672
